instance,scenario,nodes,services,state_pairs,budget,approach,initial_score,exhaustive_score,greedy_score,absolute_gap,relative_gap_percent,optimal_hit,exhaustive_completed,exhaustive_status,theoretical_configurations,feasible_configurations,greedy_net_cost,greedy_remaining_budget,greedy_steps,greedy_reallocations,exhaustive_problog_evaluations,greedy_problog_evaluations,exhaustive_seconds,greedy_seconds,speedup
realistic_edge_cloud_storage,storage,2,2,6,0,upgrade-then-downgrade,0.48301874171999987,0.5145340427999999,0.48301874171999987,0.03151530108000006,6.1250176778390735,False,True,OPTIMAL,729,264,0,0,0,0,264,2,28.99919564100037,0.24987992099977419,116.05252444843929
realistic_edge_cloud_storage,storage,2,2,6,0,downgrade-then-upgrade,0.48301874171999987,0.5145340427999999,0.48301874171999987,0.03151530108000006,6.1250176778390735,False,True,OPTIMAL,729,264,0,0,6,0,264,2,28.99919564100037,0.25041105400032393,115.80637187431373
realistic_edge_cloud_storage,storage,2,2,6,100,upgrade-then-downgrade,0.48301874171999987,0.5444864549999999,0.4894828591199999,0.055003595880000034,10.10192179711799,False,True,OPTIMAL,729,367,90,10,1,0,367,3,39.940802543000245,0.2985574260001158,133.77929692823903
realistic_edge_cloud_storage,storage,2,2,6,100,downgrade-then-upgrade,0.48301874171999987,0.5444864549999999,0.4894828591199999,0.055003595880000034,10.10192179711799,False,True,OPTIMAL,729,367,90,10,7,0,367,2,39.940802543000245,0.19591407000007166,203.86898471858422
realistic_edge_cloud_storage,storage,2,2,6,300,upgrade-then-downgrade,0.48301874171999987,0.6255516195,0.5372372844,0.08831433510000009,14.117833340530595,False,True,OPTIMAL,729,590,200,100,2,0,590,3,60.86816782999995,0.2807785100003457,216.78357018820637
realistic_edge_cloud_storage,storage,2,2,6,300,downgrade-then-upgrade,0.48301874171999987,0.6255516195,0.5372372844,0.08831433510000009,14.117833340530595,False,True,OPTIMAL,729,590,200,100,8,0,590,2,60.86816782999995,0.19695819100070366,309.0410585147103
realistic_edge_cloud_storage,storage,2,2,6,400,upgrade-then-downgrade,0.48301874171999987,0.657359712,0.5896506779999999,0.06770903400000006,10.300149638619786,False,True,OPTIMAL,729,664,310,90,3,0,664,3,60.43850155199925,0.25225698800022656,239.59099024818678
realistic_edge_cloud_storage,storage,2,2,6,400,downgrade-then-upgrade,0.48301874171999987,0.657359712,0.5896506779999999,0.06770903400000006,10.300149638619786,False,True,OPTIMAL,729,664,310,90,9,0,664,2,60.43850155199925,0.1652605629997197,365.7164205116605
realistic_edge_cloud_communication,communication,2,2,6,0,upgrade-then-downgrade,0.3858136127999999,0.3858136127999999,0.3858136127999999,0.0,0.0,True,True,OPTIMAL,729,264,0,0,0,0,264,2,21.58646584500002,0.17144159599956765,125.91148442793579
realistic_edge_cloud_communication,communication,2,2,6,0,downgrade-then-upgrade,0.3858136127999999,0.3858136127999999,0.3858136127999999,0.0,0.0,True,True,OPTIMAL,729,264,0,0,6,0,264,2,21.58646584500002,0.17034189900005003,126.72434657426051
realistic_edge_cloud_communication,communication,2,2,6,100,upgrade-then-downgrade,0.3858136127999999,0.3858136127999999,0.3858136127999999,0.0,0.0,True,True,OPTIMAL,729,382,0,100,0,0,382,2,34.73384174900002,0.2768258229998537,125.47182691485533
realistic_edge_cloud_communication,communication,2,2,6,100,downgrade-then-upgrade,0.3858136127999999,0.3858136127999999,0.3858136127999999,0.0,0.0,True,True,OPTIMAL,729,382,0,100,6,0,382,2,34.73384174900002,0.24022897299983015,144.58639736608532
realistic_edge_cloud_communication,communication,2,2,6,300,upgrade-then-downgrade,0.3858136127999999,0.4813433855999999,0.4772417126399999,0.004101672959999969,0.8521303258145301,False,True,OPTIMAL,729,589,270,30,2,0,589,3,68.49151781599994,0.302386942999874,226.50289439259444
realistic_edge_cloud_communication,communication,2,2,6,300,downgrade-then-upgrade,0.3858136127999999,0.4813433855999999,0.4772417126399999,0.004101672959999969,0.8521303258145301,False,True,OPTIMAL,729,589,270,30,8,0,589,2,68.49151781599994,0.20284108000032575,337.66097979704085
realistic_edge_cloud_communication,communication,2,2,6,400,upgrade-then-downgrade,0.3858136127999999,0.522158579712,0.522158579712,0.0,0.0,True,True,OPTIMAL,729,654,400,0,3,0,654,3,64.32879072300057,0.2388725880000493,269.3016861482126
realistic_edge_cloud_communication,communication,2,2,6,400,downgrade-then-upgrade,0.3858136127999999,0.522158579712,0.522158579712,0.0,0.0,True,True,OPTIMAL,729,654,400,0,9,0,654,2,64.32879072300057,0.18401716199969087,349.58038708970327
realistic_edge_cloud_monitoring,monitoring,2,2,6,0,upgrade-then-downgrade,0.4774668021599999,0.5086198584,0.4774668021599999,0.031153056240000088,6.125017677839078,False,True,OPTIMAL,729,266,0,0,0,0,266,2,27.79369441400013,0.18063021099987964,153.87068564083475
realistic_edge_cloud_monitoring,monitoring,2,2,6,0,downgrade-then-upgrade,0.4774668021599999,0.5086198584,0.4774668021599999,0.031153056240000088,6.125017677839078,False,True,OPTIMAL,729,266,0,0,6,0,266,2,27.79369441400013,0.1577457499997763,176.19298405211893
realistic_edge_cloud_monitoring,monitoring,2,2,6,100,upgrade-then-downgrade,0.4774668021599999,0.5582413079999999,0.5226462864,0.03559502159999994,6.376278697025399,False,True,OPTIMAL,729,396,80,20,2,1,396,4,34.3215873449999,0.6041735590006283,56.80749651105504
realistic_edge_cloud_monitoring,monitoring,2,2,6,100,downgrade-then-upgrade,0.4774668021599999,0.5582413079999999,0.48385661935999996,0.07438468863999997,13.324827019071112,False,True,OPTIMAL,729,396,90,10,7,0,396,2,34.3215873449999,0.18515453100008017,185.36725598675756
realistic_edge_cloud_monitoring,monitoring,2,2,6,300,upgrade-then-downgrade,0.4774668021599999,0.6368172210000002,0.620327484,0.016489737000000115,2.589398724818736,False,True,OPTIMAL,729,623,290,10,4,1,623,3,61.071930586000235,0.30314273800013325,201.4626211694815
realistic_edge_cloud_monitoring,monitoring,2,2,6,300,downgrade-then-upgrade,0.4774668021599999,0.6368172210000002,0.582873084,0.053944137000000114,8.470897962729577,False,True,OPTIMAL,729,623,300,0,9,0,623,2,61.071930586000235,0.19560585899944272,312.2193317643631
realistic_edge_cloud_monitoring,monitoring,2,2,6,400,upgrade-then-downgrade,0.4774668021599999,0.6686931105,0.630316242,0.038376868499999994,5.739085373753076,False,True,OPTIMAL,729,684,400,0,4,0,684,2,77.40413167299994,0.2927616750002926,264.3929799654363
realistic_edge_cloud_monitoring,monitoring,2,2,6,400,downgrade-then-upgrade,0.4774668021599999,0.6686931105,0.630316242,0.038376868499999994,5.739085373753076,False,True,OPTIMAL,729,684,400,0,10,0,684,2,77.40413167299994,0.17736180300016713,436.4194001395385
realistic_edge_cloud_network,network,2,2,6,0,upgrade-then-downgrade,0.39014148095999995,0.39014148095999995,0.39014148095999995,0.0,0.0,True,True,OPTIMAL,729,271,0,0,0,0,271,2,27.183776377000868,0.1500449640006991,181.17086806641646
realistic_edge_cloud_network,network,2,2,6,0,downgrade-then-upgrade,0.39014148095999995,0.39014148095999995,0.39014148095999995,0.0,0.0,True,True,OPTIMAL,729,271,0,0,6,0,271,2,27.183776377000868,0.17120812900066085,158.77620143197723
realistic_edge_cloud_network,network,2,2,6,100,upgrade-then-downgrade,0.39014148095999995,0.39014148095999995,0.39014148095999995,0.0,0.0,True,True,OPTIMAL,729,395,0,100,0,0,395,2,36.34800414299934,0.1902909410000575,191.01279310499788
realistic_edge_cloud_network,network,2,2,6,100,downgrade-then-upgrade,0.39014148095999995,0.39014148095999995,0.39014148095999995,0.0,0.0,True,True,OPTIMAL,729,395,0,100,6,0,395,2,36.34800414299934,0.2030826749996777,178.98131459543276
realistic_edge_cloud_network,network,2,2,6,300,upgrade-then-downgrade,0.39014148095999995,0.47816659967999997,0.47816659967999997,0.0,0.0,True,True,OPTIMAL,729,593,280,20,2,0,593,3,52.659074914001394,0.2616085760000715,201.2895590777078
realistic_edge_cloud_network,network,2,2,6,300,downgrade-then-upgrade,0.39014148095999995,0.47816659967999997,0.47816659967999997,0.0,0.0,True,True,OPTIMAL,729,593,280,20,8,0,593,2,52.659074914001394,0.13814102400101547,381.19794821858494
realistic_edge_cloud_network,network,2,2,6,400,upgrade-then-downgrade,0.39014148095999995,0.5047026969599999,0.47816659967999997,0.02653609727999995,5.25776807610423,False,True,OPTIMAL,729,654,280,120,2,0,654,3,68.12244525699862,0.38271468299899425,177.997992455329
realistic_edge_cloud_network,network,2,2,6,400,downgrade-then-upgrade,0.39014148095999995,0.5047026969599999,0.47816659967999997,0.02653609727999995,5.25776807610423,False,True,OPTIMAL,729,654,280,120,8,0,654,2,68.12244525699862,0.19980179900085204,340.95010954685205
realistic_edge_cloud_detection,detection,2,2,6,0,upgrade-then-downgrade,0.47773762847999984,0.5089083552,0.47773762847999984,0.031170726720000153,6.125017677839091,False,True,OPTIMAL,729,261,0,0,0,0,261,2,27.783902731000126,0.19585116200141783,141.86233284027688
realistic_edge_cloud_detection,detection,2,2,6,0,downgrade-then-upgrade,0.47773762847999984,0.5089083552,0.47773762847999984,0.031170726720000153,6.125017677839091,False,True,OPTIMAL,729,261,0,0,6,0,261,2,27.783902731000126,0.19274703900009627,144.14697561702232
realistic_edge_cloud_detection,detection,2,2,6,100,upgrade-then-downgrade,0.47773762847999984,0.5490759959999999,0.5229427392,0.026133256799999893,4.7594972263183575,False,True,OPTIMAL,729,388,90,10,2,1,388,4,41.91268008800034,0.39161006799986353,107.02656420982248
realistic_edge_cloud_detection,detection,2,2,6,100,downgrade-then-upgrade,0.47773762847999984,0.5490759959999999,0.4841310700799999,0.06494492592000001,11.828039541542811,False,True,OPTIMAL,729,388,90,10,7,0,388,2,41.91268008800034,0.2322153109998908,180.49059688411353
realistic_edge_cloud_detection,detection,2,2,6,300,upgrade-then-downgrade,0.47773762847999984,0.6237300816,0.5727468095999999,0.05098327200000008,8.173931882396495,False,True,OPTIMAL,729,603,210,90,3,1,603,4,57.48583931800022,0.29474999199919694,195.03253902770874
realistic_edge_cloud_detection,detection,2,2,6,300,downgrade-then-upgrade,0.47773762847999984,0.6237300816,0.5313633696,0.09236671200000002,14.808763393784025,False,True,OPTIMAL,729,603,200,100,8,0,603,2,57.48583931800022,0.1852090659995156,310.38350637841114
realistic_edge_cloud_detection,detection,2,2,6,400,upgrade-then-downgrade,0.47773762847999984,0.6579683784,0.6409309536,0.017037424800000034,2.5893987248187234,False,True,OPTIMAL,729,666,370,30,4,1,666,4,53.53460659300072,0.33715519399993354,158.78327709526928
realistic_edge_cloud_detection,detection,2,2,6,400,downgrade-then-upgrade,0.47773762847999984,0.6579683784,0.5819694047999999,0.07599897360000007,11.550551074325014,False,True,OPTIMAL,729,666,320,80,9,0,666,2,53.53460659300072,0.16581398600101238,322.859415445654
